[
    {
        "model": "tasks.CombineDate",
        "pk": 1,
        "fields": {
            "date": 1,
            "month": 1,
            "year": 11
        }
    },
    {
        "model": "tasks.CombineDate",
        "pk": 2,
        "fields": {
            "date": 2,
            "month": 1,
            "year": 11
        }
    },
    {
        "model": "tasks.CombineDate",
        "pk": 3,
        "fields": {
            "date": 1,
            "month": 2,
            "year": 11
        }
    },
    {
        "model": "tasks.CombineDate",
        "pk": 4,
        "fields": {
            "date": 2,
            "month": 2,
            "year": 11
        }
    },
    {
        "model": "tasks.CombineDate",
        "pk": 5,
        "fields": {
            "date": 1,
            "month": 3, 
            "year": 11
        }
    },
    {
        "model": "tasks.CombineDate",
        "pk": 6,
        "fields": {
            "date": 2,
            "month": 3,
            "year": 11
        }
    },
    {
        "model": "tasks.CombineDate",
        "pk": 7,
        "fields": {
            "date": 1,
            "month": 4, 
            "year": 11
        }
    },
    {
        "model": "tasks.CombineDate",
        "pk": 8,
        "fields": {
            "date": 2,
            "month": 4,
            "year": 11
        }
    },




    {
        "model": "tasks.CustomUser",
        "pk": 1,
        "fields": {
            "password": "pbkdf2_sha256$600000$GItRjyYnidroFw4C30fIAE$K9UbJE0wbCuTW/ArWc7+HDMZ8d0cfd3TvCX5SVdM3LY=",
            "is_superuser": 1,
            "username": "saifusee",
            "email": "mohammadsaifulkhan9829@gmail.com",
            "is_active": 1,
            "is_staff": 1
        }
    },
    {
        "model": "tasks.CustomUser",
        "pk": 2,
        "fields": {
            "password": "pbkdf2_sha256$600000$GItRjyYnidroFw4C30fIAE$K9UbJE0wbCuTW/ArWc7+HDMZ8d0cfd3TvCX5SVdM3LY=",
            "is_superuser": 1,
            "username": "admin",
            "email": "admin@gmail.com",
            "is_active": 1,
            "is_staff": 1
        }
    },
    {
        "model": "tasks.CustomUser",
        "pk": 3,
        "fields": {
            "password": "pbkdf2_sha256$600000$GItRjyYnidroFw4C30fIAE$K9UbJE0wbCuTW/ArWc7+HDMZ8d0cfd3TvCX5SVdM3LY=",
            "is_superuser": 0,
            "username": "dummyuser",
            "email": "dummyuser@gmail.com",
            "is_active": 1,
            "is_staff": 1
        }
    },
    {
        "model": "tasks.CustomUser",
        "pk": 4,
        "fields": {
            "password": "pbkdf2_sha256$600000$GItRjyYnidroFw4C30fIAE$K9UbJE0wbCuTW/ArWc7+HDMZ8d0cfd3TvCX5SVdM3LY=",
            "is_superuser": 0,
            "username": "anotherdummyuser",
            "email": "anotherdummyuser@gmail.com",
            "is_active": 1,
            "is_staff": 0
        }
    },
    {
        "model": "tasks.CustomUser",
        "pk": 5,
        "fields": {
            "password": "pbkdf2_sha256$600000$GItRjyYnidroFw4C30fIAE$K9UbJE0wbCuTW/ArWc7+HDMZ8d0cfd3TvCX5SVdM3LY=",
            "is_superuser": 0,
            "username": "againanotherdummyuser",
            "email": "againanotherdummyuser@gmail.com",
            "is_active": 0,
            "is_staff": 0
        }
    },







    {
        "model": "tasks.Task",
        "pk": 1,
        "fields": {
            "task": "To buy a new playstation with my saved money.",
            "combine_date": 1,
            "modified_at": "2023-08-07 15:30:00+00:00",
            "created_at": "2023-08-07 15:30:00+00:00",
            "user_id": 1,
            "slug": "58869d70ee189f53de6ef3e5bc22649400"
        }
    },
    {
        "model": "tasks.Task",
        "pk": 2,
        "fields": {
            "task": "Watch barbie with my gf and enjoy themove with popcorn.",
            "combine_date": 1,
            "modified_at": "2023-08-07 15:30:00+00:00",
            "created_at": "2023-08-07 15:30:00+00:00",
            "user_id": 1,
            "slug": "58869d70ee189f53de6ef3e5bc22649411"
        }
    },
    {
        "model": "tasks.Task",
        "pk": 3,
        "fields": {
            "task": "Complete watching game of thrones from season 1 to seson 8.",
            "combine_date": 2,
            "modified_at": "2023-08-07 15:30:00+00:00",
            "created_at": "2023-08-07 15:30:00+00:00",
            "user_id": 2,
            "slug": "58869d70ee189f53de6ef3e5bc22649422"
        }
    },
    {
        "model": "tasks.Task",
        "pk": 4,
        "fields": {
            "task": "Let play a new game and discover it from scratch so that no one can know how to face it.",
            "combine_date": 2,
            "modified_at": "2023-08-07 15:30:00+00:00",
            "created_at": "2023-08-07 15:30:00+00:00",
            "user_id": 3,
            "slug": "58869d70ee189f53de6ef3e5bc22649433"
        }
    },
    {
        "model": "tasks.Task",
        "pk": 5,
        "fields": {
            "task": " Task Task Task Task Task Task Task Task Task Task Task Task Task Task Task Task Task Task 5.",
            "combine_date": 3,
            "modified_at": "2023-08-07 15:30:00+00:00",
            "created_at": "2023-08-07 15:30:00+00:00",
            "user_id": 1,
            "slug": "58869d70ee189f53de6ef3e5bc22649444"
        }
    },
    {
        "model": "tasks.Task",
        "pk": 6,
        "fields": {
            "task": " Task Task Task Task Task Task Task Task Task Task Task Task Task Task Task Task Task Task 6",
            "combine_date": 3,
            "modified_at": "2023-08-07 15:30:00+00:00",
            "created_at": "2023-08-07 15:30:00+00:00",
            "user_id": 1,
            "slug": "58869d70ee189f53de6ef3e5bc22649455"
        }
    },
    {
        "model": "tasks.Task",
        "pk": 7,
        "fields": {
            "task": " Task Task Task Task Task Task Task Task Task Task Task Task Task Task Task Task Task Task 7",
            "combine_date": 4,
            "modified_at": "2023-08-07 15:30:00+00:00",
            "created_at": "2023-08-07 15:30:00+00:00",
            "user_id": 4,
            "slug": "58869d70ee189f53de6ef3e5bc22649466"
        }
    },
    {
        "model": "tasks.Task",
        "pk": 8,
        "fields": {
            "task": " Task Task Task Task Task Task Task Task Task Task Task Task Task Task Task Task Task Task 8",
            "combine_date": 4,
            "modified_at": "2023-08-07 15:30:00+00:00",
            "created_at": "2023-08-07 15:30:00+00:00",
            "user_id": 1,
            "slug": "58869d70ee189f53de6ef3e5bc22649477"
        }
    },
    {
        "model": "tasks.Task",
        "pk": 9,
        "fields": {
            "task": " Task Task Task Task Task Task Task Task Task Task Task Task Task Task Task Task Task Task 9",
            "combine_date": 5,
            "modified_at": "2023-08-07 15:30:00+00:00",
            "created_at": "2023-08-07 15:30:00+00:00",
            "user_id": 5,
            "slug": "58869d70ee189f53de6ef3e5bc22649488"
        }
    },
    {
        "model": "tasks.Task",
        "pk": 10,
        "fields": {
            "task": " Task Task Task Task Task Task Task Task Task Task Task Task Task Task Task Task Task Task 10",
            "combine_date": 5,
            "modified_at": "2023-08-07 15:30:00+00:00",
            "created_at": "2023-08-07 15:30:00+00:00",
            "user_id": 1,
            "slug": "58869d70ee189f53de6ef3e5bc22649499"
        }
    },
    {
        "model": "tasks.Task",
        "pk": 11,
        "fields": {
            "task": " Task Task Task Task Task Task Task Task Task Task Task Task Task Task Task Task Task Task 11",
            "combine_date": 6,
            "modified_at": "2023-08-07 15:30:00+00:00",
            "created_at": "2023-08-07 15:30:00+00:00",
            "user_id": 2,
            "slug": "58869d70ee189f53de6ef3e5bc2264940000"
        }
    },
    {
        "model": "tasks.Task",
        "pk": 12,
        "fields": {
            "task": " Task Task Task Task Task Task Task Task Task Task Task Task Task Task Task Task Task Task 12",
            "combine_date": 6,
            "modified_at": "2023-08-07 15:30:00+00:00",
            "created_at": "2023-08-07 15:30:00+00:00",
            "user_id": 2,
            "slug": "58869d70ee189f53de6ef3e5bc2264941111"
        }
    },
    {
        "model": "tasks.Task",
        "pk": 13,
        "fields": {
            "task": " Task Task Task Task Task Task Task Task Task Task Task Task Task Task Task Task Task Task 13",
            "combine_date": 7,
            "modified_at": "2023-08-07 15:30:00+00:00",
            "created_at": "2023-08-07 15:30:00+00:00",
            "user_id": 1,
            "slug": "58869d70ee189f53de6ef3e5bc2264942222"
        }
    },
    {
        "model": "tasks.Task",
        "pk": 14,
        "fields": {
            "task": " Task Task Task Task Task Task Task Task Task Task Task Task Task Task Task Task Task Task 14",
            "combine_date": 7,
            "modified_at": "2023-08-07 15:30:00+00:00",
            "created_at": "2023-08-07 15:30:00+00:00",
            "user_id": 3,
            "slug": "58869d70ee189f53de6ef3e5bc2264943333"
        }
    },
    {
        "model": "tasks.Task",
        "pk": 15,
        "fields": {
            "task": " Task Task Task Task Task Task Task Task Task Task Task Task Task Task Task Task Task Task 15",
            "combine_date": 8,
            "modified_at": "2023-08-07 15:30:00+00:00",
            "created_at": "2023-08-07 15:30:00+00:00",
            "user_id": 3,
            "slug": "58869d70ee189f53de6ef3e5bc2264944444"
        }
    },
    {
        "model": "tasks.Task",
        "pk": 16,
        "fields": {
            "task": " Task Task Task Task Task Task Task Task Task Task Task Task Task Task Task Task Task Task 16",
            "combine_date": 8,
            "modified_at": "2023-08-07 15:30:00+00:00",
            "created_at": "2023-08-07 15:30:00+00:00",
            "user_id": 3,
            "slug": "58869d70ee189f53de6ef3e5bc2264945555"
        }
    },
    {
        "model": "tasks.Task",
        "pk": 17,
        "fields": {
            "task": " Task Task Task Task Task Task Task Task Task Task Task Task Task Task Task Task Task Task 17",
            "combine_date": 4,
            "modified_at": "2023-08-07 15:30:00+00:00",
            "created_at": "2023-08-07 15:30:00+00:00",
            "user_id": 4,
            "slug": "58869d70ee189f53de6ef3e5bc2264946666"
        }
    },
    {
        "model": "tasks.Task",
        "pk": 18,
        "fields": {
            "task": " Task Task Task Task Task Task Task Task Task Task Task Task Task Task Task Task Task Task 18",
            "combine_date": 1,
            "modified_at": "2023-08-07 15:30:00+00:00",
            "created_at": "2023-08-07 15:30:00+00:00",
            "user_id": 4,
            "slug": "58869d70ee189f53de6ef3e5bc2264947777"
        }
    },
    {
        "model": "tasks.Task",
        "pk": 19,
        "fields": {
            "task": " Task Task Task Task Task Task Task Task Task Task Task Task Task Task Task Task Task Task 19",
            "combine_date": 2,
            "modified_at": "2023-08-07 15:30:00+00:00",
            "created_at": "2023-08-07 15:30:00+00:00",
            "user_id": 5,
            "slug": "58869d70ee189f53de6ef3e5bc2264948888"
        }
    },
    {
        "model": "tasks.Task",
        "pk": 20,
        "fields": {
            "task": " Task Task Task Task Task Task Task Task Task Task Task Task Task Task Task Task Task Task 20",
            "combine_date": 3,
            "modified_at": "2023-08-07 15:30:00+00:00",
            "created_at": "2023-08-07 15:30:00+00:00",
            "user_id": 5,
            "slug": "58869d70ee189f53de6ef3e5bc2264949999"
        }
    }
]